<?xml version="1.0" encoding="UTF-8"?>
<addon id="plugin.video.poda"
version="0.7.6"
name="PODA TV plugin"
provider-name="fr33p0rt">
<requires>
  <import addon="xbmc.python" version="2.24.0"/>
  <import addon="script.module.requests" />
</requires>
<extension point="xbmc.python.pluginsource" library="main.py">
  <provides>video</provides>
</extension>
<extension point="xbmc.addon.metadata">
  <summary lang="en">PODA TV Video Plugin</summary>
  <description lang="en_GB">A PODA TV video plugin for Kodi mediacenter.</description>
  <disclaimer lang="en_GB">License GPLv3. Software is provided 'as is' without warranty of any kind, either express or implied, including, but not limited to, the implied warranties of fitness for a purpose, or the warranty of non-infringement.</disclaimer>
  <description lang="cs_CZ">PODA TV video plugin pro Kodi mediacenter.</description>
  <disclaimer lang="cs_CZ">Licence GPLv3. Software je poskytován „tak, jak je“, bez jakékoli záruky, ať výslovné nebo předpokládané, včetně, ale nikoli výhradně, předpokládaných záruk způsobilosti pro určitý účel nebo záruky neporušení práv.</disclaimer>
  <assets>
    <icon>icon.png</icon>
    <fanart>fanart.jpg</fanart>
  </assets>
  <news>Pairing / Párování</news>
</extension>
</addon>
